Date,Close,High,Low,Open,Volume,Daily_Return,Rolling_Volatility,Rolling_Mean,Z_Score,Is_Anomaly
2025-06-17,264.3783264160156,265.42792109233284,262.6911378485661,263.0541044634296,6739300,,,,,False
2025-06-18,268.7336730957031,272.4219533800811,264.5745689012487,264.849226160592,9586400,0.0164739172788093,,,,False
2025-06-20,269.7538146972656,272.00992553694005,268.5865139770169,270.3129479704052,13969700,0.0037961063450324,,,,False
2025-06-23,272.9614562988281,273.2361135654262,266.9189664982738,269.81270157543656,8094600,0.0118909962595423,,,,False
2025-06-24,275.8944091796875,277.31672955102783,274.1777939507156,274.864422081068,9267900,0.0107449341772578,,,,False
2025-06-25,278.6409912109375,278.85679547317505,275.55108967897763,276.1298306696613,6826900,0.0099551927834142,,,,False
2025-06-26,283.24151611328125,283.88892888521605,279.04316687272353,279.26878993935657,8942100,0.0165105818865718,,,,False
2025-06-27,281.6327819824219,283.1924758613516,279.6022941678673,280.3575940845552,17868600,-0.0056797257440748,,,,False
2025-06-30,284.3793640136719,287.0670832038085,283.40825991352006,284.8600066595423,12689200,0.0097523520234992,,,,False
2025-07-01,284.8698425292969,285.5761082631772,281.122709609671,285.3406963303482,9338300,0.0017247331476606,,,,False
2025-07-02,286.4295349121094,287.23389900971387,284.17342383730266,286.46878021661104,8158700,0.0054751052935766,,,,False
2025-07-03,291.75201416015625,292.1462676228288,287.03074848169234,287.95726066275904,6541600,0.0185821593072796,,,,False
2025-07-07,287.77984619140625,291.7914435365602,285.91695574871414,291.0127726573706,8825700,-0.013614877621957,,,,False
2025-07-08,278.72174072265625,285.54244302383853,276.28718720828704,285.1185912184717,15440900,-0.0314758159357877,,,,False
2025-07-09,279.0962829589844,283.0783120359289,278.42604907780265,283.05857981144027,11273800,0.0013437855093652,,,,False
2025-07-10,284.0541076660156,284.1723806999454,278.93858839126966,278.93858839126966,8410900,0.0177638507201467,,,,False
2025-07-11,282.7431640625,283.2557206237078,279.5792402426265,281.4223984494675,7384700,-0.0046151193316203,,,,False
2025-07-14,284.5567932128906,285.1481583723004,281.1661592607552,282.95018101073435,9079900,0.0064144049473455,,,,False
2025-07-15,282.4376220703125,287.7601490973643,281.3830008251136,283.8668247126896,12526100,-0.007447269554351,,,,False
2025-07-16,281.7181091308594,286.5576476938333,278.9484387838449,284.2610694558768,9979800,-0.0025475109660638,,,,False
2025-07-17,285.73956298828125,286.13381646736286,279.3722805662569,279.3722805662569,8509500,0.0142747438914332,0.012411758712837,0.0039661272208539895,0.830552455061619,False
2025-07-18,287.08990478515625,288.3022635940587,284.09355419862834,285.365019447414,12217000,0.0047257781972962,0.0120617155353235,0.0033787202667783347,0.11168045926575874,False
2025-07-21,286.794189453125,289.95811320350606,286.4097720406625,286.8237577094983,7898100,-0.0010300443418675,0.01210113752626,0.0031374127324333397,-0.34438556418826527,False
2025-07-22,287.2475891113281,289.41602825063205,285.02987956960806,287.3165917383993,6717500,0.0015809234457213,0.0119269610843005,0.002621909091742289,-0.08728004046154238,False
2025-07-23,292.5011291503906,292.72780910920665,288.3515263055785,288.6373728619252,7083500,0.0182892397994205,0.0123105250241191,0.0029991243728504243,1.2420360136235689,False
2025-07-24,292.29412841796875,295.2905090775473,291.9491754148663,293.1516681080147,7001200,-0.0007076920797643,0.0122240062470285,0.0024659801296914997,-0.2596261933543497,False
2025-07-25,294.3344116210937,294.6103920554469,291.71258245493334,292.4419829511327,5918500,0.0069802401237681,0.011827013192152,0.0019894630415513144,0.4219811884143745,False
2025-07-28,293.9992980957031,295.13278810430046,292.5602593912129,293.3882007039174,5840400,-0.0011385468778348,0.0117150902551746,0.0022165219848633145,-0.28638864828345373,False
2025-07-29,292.7771301269531,296.9661375577531,291.94918873841937,295.69464217411235,7635700,-0.0041570438319623,0.0116569010422059,0.0015210521920902397,-0.48710167509306085,False
2025-07-30,295.3299255371094,296.29584201458954,293.1122159565272,293.1516503269176,8061700,0.0087192445975863,0.0117677297920193,0.0018707777645865244,0.5819700956801628,False
2025-07-31,291.9885559082031,296.6605511146664,291.2591855090535,294.8469611494763,14749700,-0.0113140231990692,0.0120914582343758,0.0010313213399542344,-1.0209971617753961,False
2025-08-01,285.2171936035156,287.61231301174155,280.1608103552954,286.23241068269874,12007100,-0.0231905058183728,0.0125011180602861,-0.0010573119163283851,-1.7704971503595155,False
2025-08-04,290.0369873046875,290.0961238185278,286.0943926240756,286.0943926240756,6649500,0.0168986786535454,0.0127474504931942,0.00046836589744673476,1.2889097129556006,False
2025-08-05,287.1884460449219,291.54502636918687,283.11771225513746,290.4608068242693,7182300,-0.0098213034352518,0.0106362167637203,0.0015510915224735298,-1.0692142902273396,False
2025-08-06,287.16876220703125,289.08092314098127,285.99583781724914,288.1051104485434,6330200,-6.853979734111615e-05,0.0106423521602246,0.0014804752571382141,-0.14555194482933173,False
2025-08-07,282.8220520019531,289.2484709612734,282.29965937267906,288.7359444448802,8057100,-0.0151364311761194,0.0105351176299034,-0.000164538837675091,-1.4211414494269479,False
2025-08-08,284.61590576171875,287.0504590616496,280.6240107941869,284.8327496617793,6634100,0.0063426940971109,0.0105763342968597,0.000383351833761469,0.5634600889193588,False
2025-08-11,285.4044189453125,287.1391701841974,284.6356142061902,285.2467115527221,5510100,0.0027704466533009,0.0104980669760421,0.00020115391905923895,0.24473960207199175,False
2025-08-12,288.6472473144531,290.5199739550687,286.1732592848133,287.31661546362176,8570900,0.0113622220045652,0.0106186529153116,0.001141628497005049,0.9625131915577102,False
2025-08-13,286.36053466796875,290.3228318770392,283.0389031406188,289.7314666813669,8420400,-0.0079221702883354,0.0107836580925489,0.0008728955308914691,-0.8155920508369906,False
2025-08-14,289.9384460449219,289.9778804180479,285.4833244293079,286.4098066006694,6322400,0.0124944290284332,0.0106739978713346,0.0007838797877414691,1.0971099471680454,False
2025-08-15,286.3210754394531,291.2591849519308,285.660707668408,290.6086532135509,7340500,-0.0124763399087415,0.0110268800773118,-7.622611756041599e-05,-1.1245351091370586,False
2025-08-18,287.3461608886719,287.7108460905947,284.2709417940018,285.8381195988006,5386900,0.0035801955816401,0.0110540455451688,0.000154285878614964,0.3099236102317707,False
2025-08-19,286.4886779785156,288.2825659770611,285.37489004447787,286.6562214265169,6031500,-0.0029841460470685,0.0110701566636783,-7.396759602452602e-05,-0.262885028591547,False
2025-08-20,288.04595947265625,289.1203129200321,283.1472843493455,286.63648908496583,7374200,0.0054357523135954,0.0102938612857019,-0.0007166419703157811,0.5976760433382576,False
2025-08-21,287.2870483398437,288.5683797096441,285.31575079885044,287.7503044651617,6624000,-0.0026346876526299,0.0103027875041511,-0.0008129917489590611,-0.17681582804040738,False
2025-08-22,291.9885559082031,292.8953659306035,285.96625689985,288.9922055724686,8552800,0.0163651915236979,0.0108742884307945,-0.00034374417896257116,1.5365543970070763,False
2025-08-25,290.6678161621094,293.08266767966575,289.9187435512912,291.9885819039242,5856300,-0.0045232585982204,0.0109135759116926,-0.0005129797649818512,-0.3674578218622194,False
2025-08-26,294.2851257324219,294.4526691589569,289.2878798394283,289.9384115603751,6714700,0.0124448231595584,0.0112480664975949,0.00031711358459418377,1.0782039364327551,False
2025-08-27,294.9849548339844,296.74927450763425,292.77711127340297,292.9840890873044,6056500,0.0023780648098361,0.0110869818993418,5.459520667381798e-08,0.21448670487778118,False
2025-08-28,296.749267578125,296.91681101607145,294.41328492266325,295.71431837356056,6410500,0.0059810262022805,0.0108295645862569,0.0008648070652741587,0.47243073313390677,False
2025-08-29,297.09423828125,298.60227955806266,295.4284896061262,297.70533564994906,6796400,0.0011624989201841,0.0092340531499638,0.0020824573022020037,-0.09962671505973626,False
2025-09-02,295.3989562988281,296.1480289299188,290.2735705259471,295.95091721841663,7221900,-0.0057062095590592,0.008692649289514,0.0009522128915717739,-0.7659831000731933,False
2025-09-03,295.2116394042969,296.2564245761911,292.1265542897072,296.2564245761911,6316900,-0.0006341149504325,0.0083284813871453,0.0014115723158127389,-0.24562548334474046,False
2025-09-04,299.4598083496094,300.0610396446901,293.99930589051,295.694622931837,6605800,0.014390248819067,0.0088070274739174,0.0021345117466331446,1.391586106518918,False
2025-09-05,290.1552734375,300.7706992658433,290.08627080836624,299.2922261938372,9837700,-0.0310710641384189,0.0109191769972187,0.00133778009851817,-2.9680665717931087,True
2025-09-08,288.70635986328125,292.20540066234315,287.2574550934962,290.6579550877705,8188500,-0.0049935800133953,0.0109399112399777,0.0007709663929928598,-0.5269280782939799,False
2025-09-09,293.5754699707031,294.7089599546063,288.11496777534006,288.4008143193263,7848200,0.016865267913487,0.0115144004154902,0.001475707456002165,1.336549008386179,False
2025-09-10,296.22686767578125,297.2125163723058,291.1606189374317,292.44198029068025,7787300,0.0090314007002789,0.0114204816372802,0.0013591663907878498,0.671796037432113,False
2025-09-11,301.1748352050781,301.3424087307021,296.4733014094209,296.91682530734334,7942500,0.0167033043562827,0.0116914257268463,0.0025904401230187547,1.2071123371085055,False
2025-09-12,302.5054626464844,303.13626220753474,299.3415385689925,300.622869917122,6846700,0.0044181229168771,0.0114686973681842,0.0021866248174409494,0.19457293429214065,False
2025-09-15,304.46685791015625,305.50180702662493,302.76170501933825,302.76170501933825,7122000,0.0064838341976125,0.0109654443616623,0.0031346335227586493,0.30543228020593693,False
2025-09-16,304.7527160644531,306.4381668754987,302.7222822014224,305.5510890844016,10525600,0.0009388810206107,0.0109756966145,0.0030025677947071797,-0.18802330700086423,False
2025-09-17,307.2759704589844,308.41932651675705,304.3387266167954,305.9355027165261,8657800,0.0082796781177747,0.0109412687402837,0.0035657590029493395,0.43083843626558543,False
2025-09-18,308.7347412109375,308.94171900765593,305.16666778780973,307.3154047313621,8050700,0.0047474286706314,0.0109361583990301,0.0035313428208011395,0.11119863168204586,False
2025-09-19,310.26251220703125,311.2678631029987,304.68373667454165,309.0994539015685,23568600,0.0049484907014398,0.0108421807785579,0.003910501738504624,0.0957361792922657,False
2025-09-22,307.95611572265625,309.1980428451836,305.11744234523064,305.3539884334779,7520200,-0.0074336937065603,0.0107084740728374,0.0027205574769917145,-0.9482444570985887,False
2025-09-23,308.25177001953125,311.77054315707727,306.12276518201463,307.34499004479613,8584400,0.0009600533380582,0.0105827070718576,0.0029947230738056447,-0.19226363556430703,False
2025-09-24,308.92205810546875,312.036681822986,307.1971727167786,309.54299157852137,7310500,0.0021744825208791,0.0103465593022342,0.00248120604187168,-0.029644977816572035,False
2025-09-25,308.9515991210937,311.12000822788536,307.3252546914858,309.61196690994507,7083200,9.562611296232149e-05,0.0103603352304571,0.0023670841070279913,-0.21924560774713972,False
2025-09-26,311.52410888671875,313.2489940185383,309.1979925185918,310.3807528469309,7258100,0.0083265785739363,0.0104165210166058,0.0024843617256107807,0.5608606596206143,False
2025-09-29,311.1594543457031,313.4461666504931,309.158588598915,312.50978831201064,6462400,-0.0011705499850999,0.0104451277842966,0.002367709280346581,-0.33874734120208333,False
2025-09-30,310.9031677246094,312.8547630138109,305.65950932869447,311.7114068920212,11823300,-0.0008236504387522,0.0103025746307687,0.0026118372363619306,-0.33345913989829556,False
2025-10-01,306.2509155273437,310.0752375005356,302.99828667529783,309.46414008660315,9235200,-0.0149636693357416,0.0110138985297564,0.0018953595170964756,-1.5307049367932535,False
2025-10-02,303.13623046875,306.1030425326149,301.7464923414213,305.5510816946321,7600000,-0.0101703697872393,0.0109162158985044,0.0006673285867811609,-0.9928072580082722,False
2025-10-03,305.5806884765625,307.1873007923745,303.78680048715194,304.0825131673876,6029900,0.0080638926070715,0.0080619899785354,0.0026240764240556807,0.6747485667309222,False
2025-10-06,306.22442626953125,308.7698659390142,302.2131538143922,307.21486689804453,7214500,0.0021066049565436,0.0078627583939011,0.002979085672552626,-0.11096369394814193,False
2025-10-07,304.74871826171875,307.0465480670538,301.78731007714714,306.39285354178503,8454200,-0.0048190408119619,0.0073237561503694,0.0018948702362801806,-0.9167305560690248,False
2025-10-08,301.1236572265625,305.8282501205831,300.64823485280857,305.2636917190969,6489900,-0.0118952462075427,0.007733902452605,0.0008485378908891006,-1.6477818509514983,False
2025-10-09,302.6093444824219,305.09536030036105,300.4898171115272,302.13392206728275,7060300,0.004933811144375,0.0068627195972611,0.0002600632302937157,0.6810343695153405,False
2025-10-10,298.0137023925781,307.50211054267186,297.9344502139145,302.7380934229591,8597400,-0.0151867157232175,0.0075982599113157,-0.0007201787017110143,-1.9039276347946732,False
2025-10-13,305.0260314941406,306.5017785031187,302.5301317467548,302.6786918104351,10788700,0.0235302237624128,0.0092297937705103,0.00013214077652900068,2.5350602156076296,True
2025-10-14,299.1923217773437,304.0653034578676,291.39755808509767,302.91638858642943,16178800,-0.0191252847772404,0.0101790854711646,-0.0008710675133635542,-1.7933062174973922,False
2025-10-15,302.767822265625,309.13634876005415,302.520212088773,303.4611428511513,11354800,0.011950508846755,0.0103838051143335,-0.0006875259769145394,1.2170909107514323,False
2025-10-16,295.6861572265625,305.72920960204,294.2302082762473,302.43105556912377,10549400,-0.0233897545190571,0.0114591084416285,-0.0020943851363989644,-1.8583792527258574,False
2025-10-17,294.7155456542969,296.68651306450823,291.3876792596173,296.30025689141456,10153500,-0.0032825735954961,0.0113400416086611,-0.0025059383512457596,-0.06848610181969486,False
2025-10-20,299.4696350097656,300.78693806489423,295.3098022126917,295.6465484229892,6894900,0.0161311115941109,0.0120057577972056,-0.0013276980862121995,1.4542030561691592,False
2025-10-21,294.25,301.1434582480101,294.16086397135297,298.7763208850087,7372700,-0.0174295968591119,0.0125147377565998,-0.0022471805960707046,-1.2131629570131872,False
2025-10-22,291.29852294921875,295.21077611588424,287.76267234049385,294.92353982678844,8054100,-0.0100305082439464,0.012585153232425,-0.0028574301343119797,-0.569963509951818,False
2025-10-23,291.72442626953125,293.53691953831486,289.7138327608809,291.5659521228084,5438800,0.0014620854098417,0.0126057210666111,-0.0027891071694680107,0.3372431102390395,False
2025-10-24,297.5679931640625,299.70734860853685,292.6257039619419,293.2496561856281,7228300,0.0200311196743334,0.0133958641262945,-0.0022038801144481555,1.6598406477665653,False
2025-10-27,301.2425231933594,301.6188954834183,298.13255521259686,299.2715559358776,5642200,0.012348539203512,0.013786150919516,-0.0015279256550175604,1.0065510626962388,False
2025-10-28,302.44097900390625,305.0260451309229,300.26202744552563,301.9457586189306,6336000,0.0039783752899242,0.0138407703624566,-0.0012878243685837405,0.38048457712965356,False
2025-10-29,302.5895690917969,305.3033671273222,300.1134671686232,300.6086875532579,7520300,0.0004913027605584,0.0134633328749841,-0.0005150757637687405,0.07474958345545095,False
2025-10-30,306.4819641113281,309.62164411662417,302.1834552198523,302.8668617019339,7514600,0.0128636126857049,0.0135786242510447,0.0006366233598784696,0.900458625245906,False
2025-10-31,308.1459045410156,309.8791757592273,304.3129038831637,305.5905808443981,7721300,0.0054291626409803,0.0135154077934876,0.0005048868615739096,0.36434533494277194,False
2025-11-03,306.3928527832031,309.3344630267029,303.28285431242927,308.0270739794024,7770000,-0.0056890315009173,0.0135790458448954,0.00011510503870086454,-0.4274333120246472,False
2025-11-04,306.2937927246094,309.23540287266394,302.1834697809128,303.7780648320401,7085200,-0.0003233106049762,0.0135301905471352,0.00033989154905014957,-0.04901646815068483,False
2025-11-05,308.7005615234375,310.107000668758,302.70840715746203,306.6503419445097,6865200,0.0078577132674446,0.0133092076272894,0.0013275395227995146,0.49065082817218353,False
2025-11-06,310.4239501953125,311.83035912038315,307.2941538281452,308.01715622418413,7206100,0.0055827195887498,0.0133192489395024,0.0013599849450182545,0.3170399969932017,False
2025-11-07,311.20635986328125,311.4242580235003,304.6991875199946,308.90856044061366,7302300,0.0025204552273638,0.0127372674237424,0.0022453434925473192,0.02159896040995965,False
2025-11-10,313.8607788085937,316.5052386427636,311.2063746689554,311.9888313123107,5794100,0.0085294495474919,0.0118270749743067,0.0014953047818012746,0.5947493172210119,False
2025-11-11,312.6029052734375,316.0001097981944,312.2661590448994,314.4649387231156,5030200,-0.0040077436241987,0.0108854373313016,0.00225118183945336,-0.5749815347936658,False
2025-11-12,317.3471069335937,319.16951418656384,313.1872439213492,313.2367840916445,10578300,0.0151764477556801,0.0110592361792462,0.0024124787848996145,1.1541456176452214,False
2025-11-13,306.5216064453125,317.565014483568,306.1452341336872,316.1784035137792,8973300,-0.0341124915014475,0.0125370960060338,0.0018763419357800946,-2.870587687922869,True
2025-11-14,300.70770263671875,304.69920788981074,298.3504790333013,304.57044575573,10327000,-0.0189673539689967,0.01334154844199,0.0010921029171050644,-1.5035328900031137,False
2025-11-17,297.4986572265625,302.66875869849656,294.8244855709175,301.0939616708072,8344000,-0.0106716435329661,0.0130952702313384,-0.0002480348392487855,-0.7959827105188321,False
2025-11-18,296.5478515625,300.05402007948175,294.1806837974681,296.6369875977812,8077300,-0.0031959998506426,0.0124849184940952,0.00046364501117467945,-0.29312525056115707,False
2025-11-19,300.3709411621094,301.5396841634701,296.409178349521,296.8746866890342,5546600,0.0128919821184529,0.0125229366170308,0.0016097695292946446,0.9009238754602336,False
2025-11-20,295.5277099609375,306.95740445253,295.3098117912242,303.411609711364,7501600,-0.0161241669464889,0.013136253105734,0.0007304569114781145,-1.2830617469307088,False
2025-11-21,295.1711120605469,298.7961284719156,290.01092472978763,298.4098723352964,11766800,-0.0012066479330745,0.0123274328674884,-0.00033143146889228056,-0.07099746342893991,False
2025-11-24,295.1513366699219,296.9539460474125,291.69470820468445,295.3890327721484,10940200,-6.699636182871949e-05,0.0119625015304412,-0.0009522082471593165,0.0739988942177338,False
2025-11-25,300.103515625,301.5891765934406,292.7346348034667,297.18170363006027,8877200,0.0167784398707173,0.0125672937262825,-0.0003122050181196616,1.3599304083340227,False
2025-11-26,304.6991882324219,305.5806647286523,300.30162915288383,302.0844103036798,7910900,0.0153136246933025,0.0130451370824465,0.00042891107851754346,1.141016266882606,False
2025-11-28,310.0871887207031,310.7210853336642,305.2934589321381,306.1452537275728,4322400,0.0176830155654084,0.0133283580026228,0.0006698812225027185,1.276461387033405,False
2025-12-01,305.96697998046875,311.038031953238,305.5906076467962,309.958455126882,7727300,-0.0132872588423685,0.0136302550298351,-0.00026593985166472147,-0.9553246775061487,False
2025-12-02,304.9368896484375,307.5120415313108,304.1544330268201,305.7886541478843,7249000,-0.0033666715672946,0.0135914604337886,-0.00014982185498358652,-0.2366816817061006,False
2025-12-03,309.1462707519531,309.37405277594195,303.86720471987456,304.26340519365976,8535300,0.0138041058540625,0.0139444970151673,0.0005565489679683485,0.950020418211206,False
2025-12-04,313.07830810546875,315.44544563675794,310.0079359217761,310.2654601734084,9627800,0.0127190192006894,0.0141197286584544,0.0007996142646305885,0.8441667134248991,False
2025-12-05,312.0284729003906,315.4355916137351,311.6718985008828,312.62274341566774,6518900,-0.0033532671472226,0.0141017799266827,0.00035281492783196855,-0.26280952435246147,False
2025-12-08,312.1968078613281,313.44477282870224,310.3546026483966,312.0482477999388,7417200,0.0005394858981067,0.0140927075477841,0.0002537664613691135,0.020274275597417922,False
2025-12-09,297.6373596191406,315.7524991840304,297.1520230977925,311.939326475107,18049200,-0.0466354808107279,0.0173984872552496,-0.0025044800565418766,-2.5364849315201523,True
2025-12-10,307.1455383300781,308.2152311685389,295.60691069504315,297.6274181031412,18874100,0.0319455149148757,0.0190170980254039,-0.0007068171295881567,1.7169986714505752,False
2025-12-11,314.3460693359375,314.96013772429524,306.2838676543348,306.2838676543348,9721900,0.0234433846736241,0.0194650663609244,-0.00029347028369095684,1.219459236212323,False
2025-12-12,315.47515869140625,317.20842990436694,313.5735294870918,316.6240735225281,8982900,0.0035918672622627,0.0177692461684409,0.0015917476544945533,0.11256074617956854,False
2025-12-15,316.9608459472656,319.7935222813264,315.3464528736662,316.534963668203,10864100,0.004709363684995,0.0171036924309892,0.0027755835371941384,0.11306214465697223,False
2025-12-16,312.5335388183594,316.46558945571707,311.3945381021762,316.0397072252412,8331300,-0.0139679937932865,0.0172553054699997,0.0026107660241781188,-0.9607920211142403,False
2025-12-17,311.9690246582031,316.3170436429019,311.6520763778745,315.3860269605939,8718700,-0.0018062514579734,0.0172334752488167,0.0026802534438115783,-0.2603366318753981,False
2025-12-18,310.0079345703125,314.66301788263524,309.2353920446346,312.979256626897,11444900,-0.0062861692440113,0.017168802754887,0.0017213458756883686,-0.46639915630811096,False
2025-12-19,314.1776733398437,315.51477427620307,310.1961127673861,310.79038320864026,24494400,0.0134504259554215,0.0168209833510859,0.0032000755207838884,0.6093787872381365,False
2025-12-22,320.00146484375,320.14014104266494,314.47481933577194,314.47481933577194,8354600,0.0185366179652326,0.0171253346216831,0.004187238815699243,0.837903577741775,False
2025-12-23,322.8143310546875,324.6466524002949,320.00148308544306,320.51650136966475,6668300,0.0087901666709899,0.0171240529407484,0.004630096967340174,0.24293721340643734,False
2025-12-24,326.0233764648437,326.8355148620812,322.3884458193645,323.1213622604756,4289300,0.009940839366306,0.0169359702901853,0.00428821694211961,0.33376430917939115,False
2025-12-26,324.7754211425781,327.6972031402456,323.4185221880518,325.9639318748006,4158300,-0.0038278093301084,0.0168205783198638,0.0033311452409490647,-0.4256069223614799,False
2025-12-29,320.6551818847656,324.6367426827693,320.43728371815735,323.8741142125664,8635300,-0.0126864257255591,0.0168275721345396,0.0018126731764006893,-0.8616274995606479,False
2025-12-30,320.3283386230469,321.83379757815135,319.40720581728044,321.7050354533748,7904300,-0.0010192982374325,0.0164679329018976,0.002426071206647489,-0.2092168740669923,False
2025-12-31,319.1398010253906,321.77437689354394,318.9615289550125,321.2395304565584,5048500,-0.0037103729341126,0.0164744740966822,0.0024088861383065895,-0.37143881112730326,False
2026-01-02,322.36865234375,322.61626252061376,317.6739428368343,319.4171281542276,8054000,0.0101173570578947,0.0163604907985129,0.002224548698498199,0.482431025853694,False
2026-01-05,330.8468322753906,334.026138578159,322.08142570711647,322.3884599175412,10752600,0.0262996413267879,0.0170847762847036,0.002903579804803124,1.3694098846896707,False
2026-01-06,332.90625,334.1598441675407,328.9664216534041,330.92639220894705,7660800,0.0062246862405959,0.0170343256982557,0.003382477474194049,0.16685185059558247,False
2026-01-07,325.3250732421875,330.45880399676645,322.947258062395,329.4539672046419,9815200,-0.022772707805313,0.0180088209161821,0.0022168677890230643,-1.3876297460363605,False
2026-01-08,328.11083984375,329.7126277455971,323.99190461809644,324.7281574581884,11737100,0.0085630245889121,0.0138856476026047,0.004976793059005064,0.2582689430512642,False
2026-01-09,327.5138854980469,330.21007865256746,326.4990899011105,327.6631156796267,6738100,-0.0018193679489144,0.012408158304533,0.0032885489158155598,-0.41165793821827,False
2026-01-12,322.8377990722656,324.3600076252465,319.59441851466954,320.2411028663189,12805100,-0.0142775211459214,0.0120448537468867,0.0014025036248382845,-1.301802836320249,False
2026-01-13,309.3169860839844,325.1957141371429,308.9886797025588,322.64875130423195,19371200,-0.0418811335820521,0.0154268763770884,-0.0008711464173774556,-2.658346781437986,True
2026-01-14,306.30242919921875,310.17263725890126,304.5613395847709,306.6307659579143,25951500,-0.0097458497928953,0.0154901537274346,-0.0015939070912719705,-0.5262660942599575,False
2026-01-15,307.68536376953125,311.3466191836246,306.18304245620016,306.8993776774091,14751400,0.0045149317748736,0.015262736443614,-0.0006697608128639657,0.33969613554500344,False
2026-01-16,310.8789978027344,315.5948534301565,308.42157308655703,308.76979706409315,14652500,0.0103795448508732,0.0154569729015018,-6.0470997421635616e-05,0.6754243482745889,False
2026-01-20,301.19854736328125,309.56573031914434,300.323023148028,304.65088058894946,12900600,-0.0311389656679084,0.0169141371142899,-0.0013031108186164907,-1.763959618376577,False
2026-01-21,300.50213623046875,303.8450138204667,299.61665319654776,301.88504309324475,10270100,-0.0023121331059161,0.0165539008239976,-0.002091238771683371,-0.013343944522882888,False
2026-01-22,302.0840148925781,306.6307531542374,301.35772089620315,303.3077326815458,10535800,0.005264117859369,0.0159380145563705,-0.0027548637769765506,0.5031355447683618,False
2026-01-23,296.2041015625,300.8304191049288,295.000271015744,300.4623078902987,11107900,-0.0194644967631572,0.016112096890849,-0.004167596948683906,-0.94940465651999,False
2026-01-26,299.5072021484375,300.243424572115,295.9354850066467,296.2936374196168,11752700,0.0111514343269163,0.0161700586288407,-0.0041070672006533904,0.9436268524317427,False
2026-01-27,298.7809143066406,300.4324657566407,296.6319086980451,299.7957098597862,11527400,-0.0024249428280422,0.0161743759024939,-0.004036923875550081,0.09966264276443161,False
2026-01-28,299.2385559082031,300.3827247331972,296.53240414079806,298.74110176244625,9556700,0.0015316962350975,0.0160864215034513,-0.0033260177775172512,0.3019760492768725,False
2026-01-29,304.8598327636719,305.2677184721844,300.6812055104527,300.86028172816947,11580000,0.0187852692926147,0.016828333243069,-0.0023357894010148906,1.2550891635289319,False
2026-01-30,304.33251953125,306.3621106362864,301.0194578342246,303.6957636347891,11953200,-0.0017296907488322,0.0168256460197343,-0.002236755291750871,0.030136408570818025,False
2026-02-02,306.5710754394531,307.72514241386267,299.83552643648,302.9097896135357,9839400,0.0073556250631745,0.0167299813231594,-0.0023748418914868808,0.5816185186764941,False
2026-02-03,313.24688720703125,314.6397527673971,307.5261644294422,308.15296152215484,12688000,0.0217757391430639,0.0163481119436415,-0.0026010370006730806,1.491106509899951,False
2026-02-04,315.654541015625,317.68416242077944,312.809117891095,312.809117891095,9848800,0.0076861220555481,0.0163928417935508,-0.0025279652099254703,0.6230821595247721,False
2026-02-05,308.5807800292969,314.4009999973286,303.9843082722668,313.3961328396234,9388000,-0.0224098185426642,0.0163694386041079,-0.0025098207467930305,-1.2156799189727423,False
2026-02-06,320.7584533691406,322.59903993155126,313.10760555212,313.10760555212,17797400,0.0394634861532452,0.0187541161041508,-0.0009647976685763753,2.155701905507223,True
2026-02-09,320.4599914550781,324.73808529326595,318.4801031561584,319.70385137937853,11477500,-0.0009304880695349,0.018753037546971,-0.0009203536746074003,-0.0005404135144568436,False
2026-02-10,316.659423828125,324.4694603347238,313.51550984428656,320.9076714905845,9902200,-0.0118597257950868,0.0186700091341838,-0.0007994639070656704,-0.5924079526972685,False
2026-02-11,309.2374267578125,323.6237932822943,307.15807190859783,321.5941717066872,8703500,-0.0234384215716282,0.0169062861555256,0.00012267169345552483,-1.393629153578658,False
2026-02-12,301.0990600585937,312.0231336727285,298.492374829366,310.68996020493864,13443400,-0.0263175346676021,0.0177979795999836,-0.000705912550279815,-1.4390185118172563,False
2026-02-13,301.0094909667969,302.740652037527,295.0101951931391,297.0000117729552,9114500,-0.0002974738339581,0.0177561629379737,-0.0009465328307214001,0.03655401220582455,False
2026-02-17,305.5661926269531,306.6705262718474,300.95976231603305,301.21844819128046,8896800,0.0151380663962481,0.0179467740006759,-0.0007086067534526551,0.8829817074146,False
2026-02-18,307.2077941894531,310.6899733588093,305.6557396172298,306.8894162356143,7209600,0.0053723271818362,0.0164859821350397,0.0011169578890345751,0.25812046003356764,False
2026-02-19,306.48150634765625,307.6057576457843,303.5664321569553,305.6060125002564,6737700,-0.0023641582522772,0.0164865557690389,0.0011143566317165202,-0.2109909997409061,False
2026-02-20,309.20758056640625,309.4165028225248,304.12358301143166,306.829734990155,7792700,0.0088947429528021,0.0165545012522709,0.001295887886388175,0.45902047730803935,False
2026-02-23,296.1543884277344,309.4165036660153,293.5974666249826,307.22769310292153,12955400,-0.0422149810000164,0.0186988623863361,0.00015836367454521473,-2.2660921182844405,True
2026-02-24,295.7862243652344,298.22376183621185,289.89638425356503,295.3086878147805,13554100,-0.0012431491035961,0.018519885453633,-0.0004613654969804052,-0.042213198811245044,False
2026-02-25,301.75567626953125,302.113859047087,295.4977249020647,297.1194302945208,8095500,0.0201816427289929,0.0190752833382464,0.0006689637808713499,1.0229299666022869,False
2026-02-26,304.5712890625,307.4366298839601,302.0939770599508,303.02916294815697,7007800,0.009330769938703,0.0191733141787578,0.001058917466051625,0.4314252818021308,False
2026-02-27,298.7709655761719,301.4074969953331,292.9507760142178,298.4725052158334,18620800,-0.0190442227965152,0.0191984960089409,-0.0008325571384048701,-0.9485985594720028,False
2026-03-02,296.044921875,298.45261340621465,291.7170645432447,293.3089239524434,8508900,-0.0091241921580792,0.0192876769509651,-0.00120228220886722,-0.4107239025908505,False
2026-03-03,298.7311706542969,300.8503301542204,288.0259478174434,290.80175042735664,10278200,0.0090737877288471,0.0193315768320719,-0.00111637407558359,0.5271252258907707,False
2026-03-04,297.8656311035156,299.4674190034017,294.31380094003714,298.4625518350298,8055700,-0.0028973861311007,0.0185659172654717,-0.0023500303392918202,-0.029481753256912026,False
2026-03-05,292.0553283691406,299.7061758621692,290.9410358965662,296.46279534996694,12732500,-0.0195064556889269,0.0187866402081851,-0.00370965922651557,-0.840852663773742,False
2026-03-06,288.0060729980469,288.51345559776433,282.2654325280704,284.88204628210366,13496500,-0.0138646858241042,0.0184328037077118,-0.00328240259058757,-0.5741005764136294,False
2026-03-09,288.44384765625,289.61783224456605,279.02206418875625,284.04633930656934,12241100,0.001520018844207,0.0155249607331977,-0.005179575956039481,0.4315369884266725,False
2026-03-10,287.2598876953125,291.25940817695187,285.7177615952499,287.81703392074905,8344900,-0.0041046462615089,0.0154954334046295,-0.00533828386563818,0.07961297834758932,False
2026-03-11,286.0560302734375,289.00098077209634,283.40957048917664,287.339470512306,10205000,-0.0041908302322803,0.0154202660885512,-0.004954839087497855,0.04954576340189066,False
2026-03-12,281.4496459960937,282.4345955757058,277.6789347371047,281.38992356011664,13760500,-0.0161030839760329,0.0150400477714067,-0.0045880722077180905,-0.7656233506256881,False
2026-03-13,281.996826171875,285.72773249785536,281.50933079451545,283.2205743771862,9091200,0.0019441494546732,0.0141949248601809,-0.0031749880016043257,0.3606315289936862,False
2026-03-16,284.7029724121094,287.7971227560318,283.16084627757465,284.88204862524725,8149000,0.0095963712676148,0.0144702145351849,-0.0026802957465256803,0.8484094678962276,False
2026-03-17,285.42926025390625,290.2744588762506,284.4940440114858,287.5285022187445,8961200,0.0025510370883854,0.0139176264870544,-0.0033096472119188156,0.42109797283003547,False
2026-03-18,286.27490234375,287.93641255144826,283.6682474755719,285.36953215418885,10057000,0.0029627028745808,0.0138487726900611,-0.0034301284272815853,0.4616171732279462,False
2026-03-19,286.5037536621094,288.0359209952396,283.1708046765218,285.4193072233837,9846700,0.0007994110433215,0.0138796213708854,-0.003271949962501651,0.2933337226592827,False
2026-03-20,285.1009216308594,289.2297850267638,283.81748141518966,286.61317132501995,22436500,-0.0048963827290878,0.0135827570771545,-0.0039615062465961455,-0.06882818246555177,False
2026-03-23,288.4338684082031,294.24412922690453,286.5037438804951,292.8114588483544,11470800,0.011690410393198,0.0106170149171,-0.0012662366769354255,1.2203662866918612,False
2026-03-24,290.91119384765625,293.9755285514211,283.9169894005904,284.71293429347423,11092300,0.0085888853938163,0.0108433548948168,-0.0007746349520648055,0.8635261352883445,False
2026-03-25,293.91583251953125,296.1245302289603,290.950994762599,292.6522795072885,12188200,0.0103283707723136,0.0100347957144428,-0.0012672985498987707,1.1555461269154736,False
2026-03-26,290.1749572753906,293.48798854194115,289.24969984697105,291.0902559049482,8669200,-0.0127277091950874,0.0100208690319748,-0.0023702225065882904,-1.033591663103292,False
2026-03-27,281.3998718261719,288.63284454259417,280.31542537678433,287.66781259849654,9873300,-0.0302406711165318,0.0112399899425543,-0.0029300449225891203,-2.429773187834037,True
2026-03-30,282.3251342773437,285.787426299191,280.89246381052374,283.2901966006573,11734400,0.003288069909795,0.0112226377982827,-0.0023094318191954105,0.49876881260900596,False
2026-03-31,292.6622314453125,293.56760164880984,283.4991344325332,287.0012007453536,12956900,0.0366141583335406,0.0140310725971896,-0.0009324132889607355,2.6759587595621057,True
2026-04-01,293.87603759765625,297.19902789200404,291.41861272257177,293.8859963972044,11267200,0.0041474642845076,0.0140675279471754,-0.0005801707681803204,0.33606722307149745,False
2026-04-02,293.1000061035156,294.1148016905453,287.2499401451481,290.4237002119346,6669300,-0.0026406763221814,0.0133610396004696,0.0002631182001569546,-0.21733297775992633,False
2026-04-06,295.45001220703125,296.8299865722656,293.20001220703125,294.0599975585937,7142600,0.008017762042235,0.0130352311736096,0.0013572405934739146,0.5109630477628662,False
2026-04-07,297.3999938964844,298.17999267578125,292.70001220703125,293.1400146484375,7849100,0.0066000392922194,0.0130879572896302,0.0016112416158745343,0.38117466048713117,False
2026-04-08,307.9700012207031,311.260009765625,305.3299865722656,307.9700012207031,10590200,0.0355413837967253,0.0150343303344563,0.0035935431187862446,2.1249925980886344,True
2026-04-09,310.3299865722656,311.260009765625,306.1099853515625,306.95001220703125,6586600,0.0076630364717609,0.0149446862293746,0.004186236453988305,0.23264456438963266,False
2026-04-10,309.8699951171875,310.3500061035156,306.7200012207031,310.0,6069700,-0.0014822655720735,0.0142410013296708,0.004917277374186274,-0.44937450661748574,False
2026-04-13,313.67999267578125,313.739990234375,305.4599914550781,307.4700012207031,8318200,0.0122954710640921,0.0143151686537282,0.00543484345465722,0.47925580029042264,False
2026-04-14,311.1199951171875,314.32000732421875,308.8699951171875,309.82000732421875,11455500,-0.0081611757790359,0.0145914970183939,0.004546966102324685,-0.8709279017321406,False
2026-04-15,305.92999267578125,314.239990234375,304.260009765625,313.95001220703125,9885800,-0.0166816743470678,0.0153442951901403,0.003585330530552025,-1.3208169307536968,False
2026-04-16,309.95001220703125,309.95001220703125,305.20001220703125,305.3500061035156,8208600,0.013140325000793,0.0154906279939335,0.004094211636862634,0.5839733138948945,False
2026-04-17,310.2900085449219,314.8999938964844,310.0899963378906,312.4700012207031,11082400,0.001096939262785,0.0154874398378058,0.004109088047835809,-0.1944897811772587,False
2026-04-20,316.989990234375,317.1300048828125,310.3699951171875,310.8500061035156,10772000,0.0215926439941527,0.0158061411443716,0.005433539383997835,1.0223307803314758,False
2026-04-21,313.0,320.239990234375,312.75,317.489990234375,7084300,-0.0125871174399699,0.0162269651786886,0.00421966299233944,-1.035731589193414,False
2026-04-22,313.0199890136719,315.1499938964844,311.94000244140625,314.8500061035156,5545900,6.386266348834546e-05,0.0162181190918143,0.0037934118558230418,-0.22996188221463335,False
2026-04-23,311.69000244140625,314.989990234375,308.8900146484375,313.5199890136719,6969700,-0.0042488870326027,0.0162365222030688,0.0030645489655772265,-0.45043118881687866,False
2026-04-24,308.2799987792969,311.1499938964844,307.8900146484375,311.1499938964844,5215300,-0.0109403690699075,0.0161497123876876,0.0031539159718362215,-0.8727266903210661,False
2026-04-27,311.6300048828125,312.5799865722656,306.8800048828125,306.8800048828125,7925300,0.0108667643596105,0.0141704836205672,0.005209287745643337,0.3992437213473673,False
2026-04-28,311.45001220703125,315.45001220703125,311.1700134277344,315.20001220703125,7398600,-0.0005775845488592,0.0142243289797055,0.005016005022710627,-0.3932410154145378,False
2026-04-29,309.25,312.04998779296875,307.2900085449219,310.57000732421875,8031800,-0.0070637730640665,0.0123467209048593,0.0028321084528302714,-0.8014987617483155,False
2026-04-30,313.2300109863281,314.1000061035156,306.57000732421875,307.07000732421875,8865400,0.0128698819283044,0.01254803723769,0.003268229335020112,0.7651915922311912,False
2026-05-01,312.4700012207031,316.0799865722656,311.8299865722656,313.95001220703125,6135400,-0.0024263631803089,0.0125428160465924,0.0032789449921137364,-0.4548666066080623,False
2026-05-04,307.6499938964844,310.6499938964844,306.510009765625,310.6199951171875,7338200,-0.0154255042256498,0.0131570336403135,0.0021067816787194967,-1.3325409346564188,False
2026-05-05,309.3999938964844,310.9700012207031,306.79998779296875,307.7099914550781,6316800,0.0056882822516448,0.013142216762788,0.0020611938266907664,0.27598756666562396,False
2026-05-06,314.8999938964844,316.260009765625,311.3500061035156,311.45001220703125,8629500,0.0177763416564258,0.0112200531993544,0.0011729417196757914,1.479796899510723,False
2026-05-07,306.2699890136719,316.29998779296875,306.1400146484375,314.6499938964844,8359600,-0.0274055416007705,0.012783666393478,-0.0005804871839507786,-2.09838504785336,True
2026-05-08,302.1000061035156,308.989990234375,300.5,308.25,9464300,-0.0136153820476681,0.0131123787572768,-0.0011871430077305084,-0.9478248966108044,False
2026-05-11,300.0,303.19000244140625,298.8800048828125,302.1000061035156,9512000,-0.0069513606788741,0.0127726647950241,-0.0021494845948788186,-0.3759494327186891,False
2026-05-12,304.8800048828125,306.0599975585937,295.54998779296875,300.0199890136719,9498200,0.0162666829427082,0.0133236179991283,-0.0009280916587916137,1.2905484533273759,False
2026-05-13,300.25,303.0,300.07000732421875,302.2699890136719,7709500,-0.0151863185799676,0.0132344586076673,-0.0008533238704366037,-1.0830057454127566,False
2026-05-14,299.9100036621094,303.75,298.8099975585937,302.25,7364300,-0.0011323774784034,0.0128184430422177,-0.0015669589943964237,0.03390283161236698,False
2026-05-15,297.8099975585937,300.7900085449219,296.45001220703125,300.2099914550781,8699300,-0.0070021208958459,0.0128577276594,-0.0019719120023279687,-0.39122067497210183,False
2026-05-18,300.7300109863281,301.260009765625,297.2200012207031,298.0,7546300,0.0098049543389151,0.011959494908452,-0.0025612964850898487,1.0340111282848148,False
2026-05-19,295.70001220703125,301.7900085449219,295.260009765625,301.0899963378906,8066900,-0.0167259621439163,0.0121759577954032,-0.0027682387202871686,-1.1463347408200284,False
2026-05-20,301.9800109863281,302.92999267578125,293.6700134277344,296.70001220703125,9327000,0.0212377359487561,0.013303490623341,-0.0017095450560237813,1.7249067672899947,False
2026-05-21,303.0,303.9800109863281,300.2099914550781,301.2300109863281,7874400,0.0033776706290604,0.0133361354759113,-0.0013282171729406258,0.35286742628710865,False
2026-05-22,306.3800048828125,307.45001220703125,303.8399963378906,304.67999267578125,5973900,0.0111551316264439,0.0134129310247335,-0.00022344213812305587,0.8483286571432314,False
2026-05-26,306.739990234375,309.92999267578125,305.44000244140625,308.489990234375,7725400,0.0011749635936593,0.0131639339087701,-0.0007080321764206159,0.14304202551681172,False
2026-05-27,299.2799987792969,305.8999938964844,295.75,305.0,11779200,-0.0243202441565512,0.0141826948053339,-0.001895165156805216,-1.5811578340748225,False
2026-05-28,296.7300109863281,301.07000732421875,295.75,297.57000732421875,9757700,-0.0085204083245443,0.01421433867781,-0.0019679969198291057,-0.46097194904636407,False
2026-05-29,299.3099975585937,299.8800048828125,295.20001220703125,296.3999938964844,13969000,0.0086947274516984,0.0140142042669277,-0.0021767546436594057,0.7757473694752371,False
2026-06-01,296.5799865722656,299.54998779296875,295.2699890136719,297.69000244140625,7930000,-0.0091210150298892,0.0141001680340662,-0.002511487236138421,-0.4687552501347551,False
2026-06-02,300.9599914550781,302.07000732421875,295.2699890136719,296.5,8296200,0.0147683764283441,0.0142602103129089,-0.0010017932034387259,1.105886188614417,False
2026-06-03,300.8500061035156,301.9599914550781,296.5599975585937,299.9200134277344,7003900,-0.0003654484140258,0.0141747251111324,-0.001304479736722256,0.06624688065089666,False
2026-06-04,310.8900146484375,312.9100036621094,304.44000244140625,305.739990234375,10345200,0.0333721400739055,0.0156335714638433,-0.0005246898158482706,2.1682076912590964,True
2026-06-05,312.3699951171875,315.0,309.6000061035156,314.2900085449219,9118800,0.004760463183173,0.0143221996141046,0.0010836104233489044,0.25672402695764035,False
2026-06-08,311.1099853515625,316.29998779296875,310.7799987792969,313.25,6827000,-0.0040337093361105,0.013960317431919,0.0015626940589267841,-0.4008793798801175,False
2026-06-09,312.70001220703125,316.4200134277344,309.010009765625,313.510009765625,11594600,0.0051108191004283,0.0138331106357923,0.0021658030478919044,0.21289615402311268,False
2026-06-10,309.1400146484375,314.75,309.0299987792969,312.5599975585937,7446200,-0.0113847055312449,0.0137310549908969,0.0007832336241942493,-0.8861620001890584,False
2026-06-11,313.489990234375,314.7200012207031,308.8800048828125,309.5599975585937,9116600,0.0140712149182125,0.013496664769386,0.0022461102991032543,0.8761501319890308,False
2026-06-12,320.7200012207031,321.29998779296875,315.54998779296875,315.9700012207031,7426200,0.0230629723804665,0.0142417031387597,0.0034558777920467494,1.3767380486297174,False
2026-06-15,319.3999938964844,325.9200134277344,318.8399963378906,323.9200134277344,7988900,-0.0041157624070673,0.014144441912008,0.003600195716485679,-0.5455116696405303,False
2026-06-16,331.1400146484375,331.75,324.0199890136719,324.29998779296875,11087400,0.0367564839583496,0.0159369822739683,0.004947772197457404,1.9959055744730931,False
