Date,Close,High,Low,Open,Volume,Daily_Return,Rolling_Volatility
2025-06-17,143.9282989501953,145.02684191909495,143.58875484653294,144.29781716982143,139108000,,
2025-06-18,145.28648376464844,145.4562558084884,142.92962233744194,143.81843788371728,161494100,0.009436537667433242,
2025-06-20,143.65866088867188,146.00552584195606,142.46024490398213,145.2565234707711,242956200,-0.011204227907487208,
2025-06-23,143.97824096679688,144.58743022935184,141.84108794116847,142.31046402404658,154308900,0.002224579264125559,
2025-06-24,147.70326232910156,147.76319531946535,145.3064608232896,145.36637857516104,187566100,0.025872113294978627,
2025-06-25,154.10476684570312,154.24458003760031,149.0614802461701,149.07147669890958,269146500,0.04334030552648316,
2025-06-26,154.8137969970703,156.5115326130379,153.795149532093,155.77251147358507,198145700,0.004600961838364892,
2025-06-27,157.5401611328125,158.49889084686143,155.05346784206984,155.83242906789442,263234500,0.017610601823775385,
2025-06-30,157.77987670898438,158.4489837715575,155.75257785474952,158.18931982233872,194580300,0.0015216156594495267,
2025-07-01,153.09609985351562,156.9909063970138,151.2885097592641,156.08211312403307,213143600,-0.02968551473840797,
2025-07-02,157.04083251953125,157.39037305932783,152.7665268185242,152.77650803107835,171224100,0.025766382486490436,
2025-07-03,159.12806701660156,160.7658851337161,157.56016311083363,158.1593559409033,143716100,0.013291030514695823,
2025-07-07,158.029541015625,159.09810995597124,157.13072890250317,157.98958568340035,140139000,-0.006903408189216309,
2025-07-08,159.78717041015625,160.00687898854957,158.17931139836438,159.11806346268276,138133000,0.011122157181722603,
2025-07-09,162.66336059570312,164.20130555952733,160.94564712320184,161.0055648799297,183656400,0.018000132164328386,
2025-07-10,163.88172912597656,164.28119097215313,161.3950357038234,164.10143771292147,167704100,0.007490122703794899,
2025-07-11,164.70062255859375,167.6666731011634,163.2525543877531,163.50222183922534,193633300,0.004996856190037535,
2025-07-14,163.8517608642578,165.26987014699793,161.80448473325933,165.1500194092157,136975800,-0.005153967733388165,
2025-07-15,170.4729461669922,172.17068192225182,168.97494134085255,170.96229989605533,230627400,0.04040960724382847,
2025-07-16,171.14205932617188,171.52155877211666,168.67534340451817,170.83247408910898,158831500,0.003925040155780657,
2025-07-17,172.7698974609375,173.92835823409905,170.60278554683865,171.79120519874627,160841100,0.009511619418247186,0.01690762162858463
2025-07-18,172.18067932128906,174.01822826089457,171.03219980516573,173.40903901870553,146456400,-0.00341042130780711,0.017144880055771243
2025-07-21,171.1520538330078,173.1493936504508,170.7725543913757,172.52022673163836,123126100,-0.005974105180302058,0.016863425734387125
2025-07-22,166.80784606933594,171.16204780548466,164.36110765827524,171.11211125862738,193114300,-0.025382153858991896,0.01849218867398202
2025-07-23,170.55284118652344,171.03219846298632,167.74658125695927,169.30450383433347,154082200,0.022450953030295873,0.018328860890703035
2025-07-24,173.5089111328125,173.59878776513457,171.07215417768242,172.21063723590794,128984600,0.017332282040708913,0.016471492806697043
2025-07-25,173.2692413330078,174.4876199263022,172.7299662493585,173.3790956402227,122316800,-0.001381311185920775,0.016553800133908912
2025-07-28,176.51490783691406,176.7645753161742,173.73860668662087,173.78854323017163,140023500,0.01873192540658941,0.01659782967533618
2025-07-29,175.2765350341797,179.14139760883538,174.7871965738649,177.72328828972238,154077500,-0.007015683932365291,0.01682280161554886
2025-07-30,179.0315399169922,179.65071031876445,175.80582548039158,176.27520150705504,174312200,0.021423317628228133,0.01499412686200083
2025-07-31,177.63340759277344,183.05619299307685,175.69598557745124,182.65671589592668,221685400,-0.007809419082620783,0.014773724098203872
2025-08-01,173.4889373779297,176.3051785902702,170.66269971388826,173.85844036702034,204529000,-0.023331592131278556,0.016071921293891626
2025-08-04,179.76058959960938,179.9603205403546,174.28788258302183,174.9270307365029,148174600,0.03615015641036212,0.017306841416650603
2025-08-05,178.0229034423828,180.02024338323596,175.6660417026363,179.38109521170273,156407600,-0.009666669213185153,0.017642252018134425
2025-08-06,179.1813507080078,179.66070799076476,176.01556896990587,176.09546439011424,137192300,0.006507293405648484,0.017401420694254138
2025-08-07,180.52957153320312,183.6354356942093,178.5621905082108,181.32851054269395,151878400,0.007524336767571027,0.017401681072762677
2025-08-08,182.4569854736328,183.05619350177665,180.16004168373897,181.3085211979325,123396700,0.010676444440988364,0.0174480472100184
2025-08-11,181.81784057617188,183.59547178906817,180.01025048518693,181.80785936297343,138323200,-0.003502989462430328,0.017399944355043273
2025-08-12,182.9163818359375,184.234618174838,179.22130626788388,182.7166509044063,145485700,0.006041988268502108,0.015330102613695074
2025-08-13,181.3484649658203,183.72530422356277,179.11145412417423,182.3770937521473,179871700,-0.008571768446215433,0.015570666872805039
2025-08-14,181.77789306640625,182.7765629312542,179.22130065055427,179.51090820642335,129554000,0.0023679720733609244,0.015495553979164512
2025-08-15,180.20997619628903,181.658044469753,177.8031781362909,181.6380820439347,156602200,-0.008625454083926676,0.015646191279668265
2025-08-18,181.76788330078125,182.69665413107447,180.34977402519155,180.3597704757432,132008000,0.008644954831997342,0.015575842205068793
2025-08-19,175.4063720703125,182.25724785967336,175.25657768801665,182.1873336556069,185229200,-0.034997993677144845,0.01661589926044676
2025-08-20,175.1667022705078,175.76591033294957,168.57548977611862,174.93701244991922,215142700,-0.0013663688324196954,0.015962525543569597
2025-08-21,174.74725341796875,176.6646977817985,173.57881147306438,174.61743669419707,140040900,-0.0023945695563264424,0.015533627129405156
2025-08-22,177.75326538085938,178.35245819257523,170.9722880586796,172.38041630972646,172789400,0.01720205556364718,0.015966802116122607
2025-08-25,179.57081604003906,181.6680287357596,176.33513560931726,178.1127666514647,163012800,0.01022513232195954,0.015589631186332293
2025-08-26,181.5282287597656,182.14739921043056,178.57215920342722,179.82049655621498,168688200,0.01090050578870283,0.0156210794437509
2025-08-27,181.35845947265625,182.24727507184863,178.86178472902657,181.7379436715125,235518900,-0.0009352225175623952,0.014932973407536226
2025-08-28,179.93035888671875,184.22464261974773,176.17536544772958,180.57950348224864,281787800,-0.007874463590449854,0.014934943058393156
2025-08-29,173.9483184814453,177.91303926310266,172.91968968806756,177.87309917143955,243257900,-0.03324642068345807,0.015909100803910482
2025-09-02,170.55284118652344,172.15071909272382,166.99757884564528,169.77387989783634,231164900,-0.01952003517230927,0.014060569794516628
2025-09-03,170.39305114746094,172.18067877773825,168.6553752976972,170.83246833565184,164424900,-0.0009368946184118432,0.013962540420827207
2025-09-04,171.43167114257812,171.6314020660847,169.1846639665207,170.34312465674856,141670100,0.006095436334538906,0.013949484505310685
2025-09-05,166.79786682128906,168.8051880252559,163.85179338392152,167.8065180303181,224441400,-0.027030036459454232,0.014806362782851022
2025-09-08,168.0861358642578,170.73262035939155,167.12742125141602,167.32715219255022,163769100,0.007723534284458378,0.014668041319418953
2025-09-09,170.53286743164062,170.7525760297424,166.51822538667548,168.86509051949955,157548400,0.014556415107065845,0.015244159654269389
2025-09-10,177.09413146972656,179.05151589898875,175.2366048852674,176.4050468150653,226852000,0.03847507015453244,0.017780503331383625
2025-09-11,176.9443359375,180.0503753259473,176.25521235533765,179.45113345293117,151159300,-0.0008458526038293002,0.017701737455804625
2025-09-12,177.59349060058594,178.37249577533527,176.22522541777622,177.5435512454145,124911000,0.0036686942232229125,0.017717451032872717
2025-09-15,177.52359008789062,178.62219505337407,174.28771156721004,175.44623766911022,147061600,-0.0003935983940567267,0.017626709829793134
2025-09-16,174.65724182128906,177.27389957504343,174.15787872389456,176.77453647764895,140737800,-0.016146295065249894,0.017812889742735274
2025-09-17,170.0730743408203,172.97937117956877,168.1954794867923,172.42008695754546,211843800,-0.026246649910796838,0.017046562074296886
2025-09-18,176.01551818847656,176.87442336525442,172.73969733735942,173.7583871307785,191763300,0.03494053288969079,0.018884927315189776
2025-09-19,176.4449462890625,177.8531538116004,174.95683884616588,175.54609885389235,237182100,0.0024397172760990404,0.018878066300858885
2025-09-22,183.3761138916016,184.314918935884,174.48745701577195,175.07670180251023,269637000,0.039282324307458705,0.02047494154394116
2025-09-23,178.2027130126953,182.18763613663097,175.9855548133895,181.73821238324945,192559600,-0.028211967028401563,0.02142031675076526
2025-09-24,176.74456787109375,179.5509859124944,175.17656050171237,179.54100413716742,143564100,-0.008182508094013552,0.02132627047747694
2025-09-25,177.4636688232422,180.03038734713982,172.90947958662534,174.2577508730865,191586700,0.004068588702951903,0.021357872881046784
2025-09-26,177.96302795410156,179.54101721374016,174.70717071687335,177.94304916264082,148573700,0.0028138668279011902,0.021307023336071925
2025-09-29,181.61837768554688,183.7656330630971,180.09032771672483,180.20017297627672,193063500,0.02053993896073769,0.020305207228205665
2025-09-30,186.3423309326172,187.11135435179563,181.2488213615314,181.848063160254,236981000,0.026010326197546618,0.020275962203265184
2025-10-01,187.00149536132807,187.90034282726023,183.6657383394342,185.00404300205489,173844900,0.003537384261599996,0.020235939264853522
2025-10-02,188.6493988037109,190.806651138866,187.8204541960536,189.3585011391996,136805800,0.00881224740582276,0.020253817017645722
2025-10-03,187.38101196289065,190.11752734214045,185.14387494216948,188.9490194719917,137596900,-0.006723513824393401,0.01903653975958008
2025-10-06,185.30364990234372,186.9914995955013,183.09647356463947,185.2637075602064,157678100,-0.011086299720477255,0.019408232228205303
2025-10-07,184.8042907714844,188.8191743935438,183.76562222076905,185.99277739696944,140088000,-0.0026948154076970043,0.019347476567937807
2025-10-08,188.86911010742188,189.35849142592937,186.30237648821537,186.33235229407293,130168900,0.021995264931179204,0.018123230530206834
2025-10-09,192.32470703125,195.05122522476876,190.816620752273,191.9851285494953,182997200,0.0182962524780399,0.0183918420826374
2025-10-10,182.92669677734372,195.3708168536685,181.81811007166195,193.26350393527704,268774400,-0.04886532988389913,0.02190755648862122
2025-10-13,188.0801239013672,189.8678370807686,185.72312947730663,187.73056363822363,153482800,0.02817208868258403,0.022680780406191703
2025-10-14,179.8006591796875,184.5645869600227,179.47107773683655,184.53462639606812,205641400,-0.04402094463751838,0.024695136701717555
2025-10-15,179.60093688964844,184.63451030281777,177.06416377208902,184.56460739230215,214450500,-0.0011107984306079066,0.02381975891900931
2025-10-16,181.5784149169922,183.0465437061986,179.5410200965125,181.99787810828644,179723300,0.01101039928627312,0.022705903756732343
2025-10-17,182.9866180419922,183.8655019863948,179.52103686227596,179.9504818191574,173135200,0.007755344299286593,0.0227448127452159
2025-10-20,182.4073486328125,184.96408521149223,181.4985041529273,182.89672994644727,128544700,-0.0031656380962610253,0.021003455668759885
2025-10-21,180.92922973632807,182.55714296878105,179.5709615871908,182.55714296878105,124240200,-0.008103395546085634,0.020043901397453028
2025-10-22,180.05035400390625,183.20633238125785,176.53483359319367,180.9092591258601,162249600,-0.004857566318624218,0.01997782271061403
2025-10-23,181.92796325683597,182.7968501503985,179.5609718650331,180.1901742303588,111363700,0.01042824527236963,0.020077602282575047
2025-10-24,186.0227203369141,187.23118563906056,183.26624175096785,183.60580497197225,131296700,0.022507573914282597,0.020624164867243285
2025-10-27,191.2460784912109,191.75542334831323,188.18996363054163,189.74798924630224,153452700,0.02807914078902063,0.021037506576092945
2025-10-28,200.77394104003903,202.8912358579665,191.6655623251096,192.80410966447576,297986200,0.04981991068259206,0.023002084737740496
2025-10-29,206.7762756347656,211.9197249544373,204.51915980095316,207.715080745974,308829600,0.0298959843276152,0.023718787361699033
2025-10-30,202.63156127929688,205.89740027142088,201.1534507471854,204.8886770404504,178864400,-0.020044438573744494,0.024363283248718483
2025-10-31,202.2320709228516,207.7050861560208,201.81260775338424,206.18701808603035,179802200,-0.0019715110218918586,0.024277612558053618
2025-11-03,206.6164703369141,211.07078042213968,205.2981445069072,207.81493866642376,180267300,0.021680040134361755,0.024304288229393883
2025-11-04,198.43690490722656,203.7101778590782,197.67786326579136,202.7414122562426,188919300,-0.039588157789888334,0.026296619120289712
2025-11-05,194.9613494873047,202.66152000582164,194.40205001057663,198.5168123443512,171350300,-0.01751466251475131,0.026349356282177213
2025-11-06,187.8404235839844,197.36826472822915,186.1425921093966,196.169796348482,223029800,-0.03652480823530602,0.027387137839494296
2025-11-07,187.91033935546875,188.08013622996737,178.68211848431696,184.66447901682176,264942300,0.0003722083359394279,0.024945195873584562
2025-11-10,198.7964630126953,199.6853287651845,193.5431531870904,194.8614791513322,198897100,0.05793254216114918,0.027379930127172863
2025-11-11,192.91395568847656,195.17107140540628,191.05632435423007,194.91140808059745,176483300,-0.029590603550341266,0.026238375981940072
2025-11-12,193.5531463623047,195.6404805249176,190.88654915774768,195.4706988945922,154935300,0.003313345950255231,0.026212984521887438
2025-11-13,186.62196350097656,191.1961309619508,183.61580336420005,190.80662838449905,207423100,-0.03581023089314139,0.027613978791378127
2025-11-14,189.92774963378903,190.7666759402113,180.34996953708983,182.62706393415107,186591900,0.01771381069407285,0.027817365154715563
2025-11-17,186.3623046875,188.75924133892028,184.08521029684528,185.73310233977776,173628900,-0.018772638296214117,0.028193023804197203
2025-11-18,181.1289825439453,184.5646030780414,179.42115405263684,183.14641371605563,213598900,-0.028081441428459142,0.028894451698443534
2025-11-19,186.28240966796875,187.62069907956396,182.5971076589588,184.5546024199349,247246400,0.028451698075282472,0.029525538522859128
2025-11-20,180.40989685058597,195.7503316108911,179.62090987236718,195.70039225393623,343504800,-0.03152478448099316,0.030381691635810875
2025-11-21,178.6521453857422,184.32490281868388,172.70971237567008,181.00913979899244,346926200,-0.009743098884977153,0.02997835576406475
2025-11-24,182.3174743652344,183.26626122561635,176.25519889972114,179.2613745727385,256618300,0.02051656850567407,0.029630030870386764
2025-11-25,177.59349060058594,177.93305383278917,169.3340211059625,174.68719385821646,320600300,-0.025910756942502222,0.027419270995486703
2025-11-26,180.03038024902344,182.67701383620675,178.01296428701193,181.3986455127995,183852000,0.013721728427074753,0.026536587157739343
2025-11-28,176.7745361328125,179.0616124091028,176.27517303639212,178.7819702942556,121332800,-0.018084970501686226,0.026487788562070912
2025-12-01,179.69082641601562,180.07034727044882,173.45876908321011,174.53739527000454,188131000,0.016497230579703537,0.02697043947976072
2025-12-02,181.22885131835935,185.42349804109853,179.77070445469002,181.52845696763603,182632200,0.008559284483354412,0.026427404223402628
2025-12-03,179.36123657226562,182.21759414523956,178.88185225801445,180.8493441127912,165138000,-0.010305283802814258,0.02526611468702266
2025-12-04,183.1566162109375,184.2952268834804,179.74078419330877,181.3987504426599,167364900,0.021160534523537944,0.02571294275144099
2025-12-05,182.1877899169922,184.43504894381925,180.6896172324408,183.66598269849337,143971100,-0.005289605770121497,0.024475927129682253
2025-12-08,185.323974609375,187.7709870845105,182.17780264974235,182.41751577930148,204378100,0.017214022376646154,0.02482172644270344
2025-12-09,184.7446746826172,185.4937610485011,183.09669077375295,185.33395229946427,144719700,-0.003125876875773148,0.020678469635769553
2025-12-10,183.55612182617188,185.2540478736652,181.8182359713298,184.74467463147755,162785400,-0.006433489130266867,0.019766201037770215
2025-12-11,180.70957946777344,181.09911899111663,176.40483245042134,180.060377409269,182136600,-0.015507749510496383,0.01993238436823178
2025-12-12,174.80679321289062,182.59729422559732,174.40727135263347,180.88937065842447,204274900,-0.03266449001911087,0.019672543962481047
2025-12-15,176.0752410888672,178.20265125135413,174.8167814768023,177.7232402429772,164775600,0.0072562847968487,0.019224640475925325
2025-12-16,177.50350952148438,178.27257580423,174.68693742218818,176.0452813318811,148588100,0.008111693749698334,0.01904723402725847
2025-12-17,170.7317657470703,175.91544580087532,170.10252832729947,175.88548356566727,222775500,-0.03814991485334229,0.019880476297590276
2025-12-18,173.9278564453125,175.93540231223645,171.6106906687844,174.3173807251694,176096000,0.018719953397407174,0.019183143325702458
2025-12-19,180.7695159912109,181.2289470656948,176.12517166919682,176.45477147838753,324925900,0.03933619194605331,0.02020265840896354
2025-12-22,183.4662322998047,183.935660967629,182.1278683380167,183.6959478478248,129064400,0.01491798157342461,0.0203101142384932
2025-12-23,188.97950744628903,189.099356383118,182.6771816078249,182.7471036477755,174873600,0.030050626087284815,0.020883087238772968
2025-12-24,188.38023376464844,188.67987134928,186.3626902843432,187.71105179508496,65528500,-0.0031711040511147592,0.019878144301455156
2025-12-26,190.2978973388672,192.45526970950263,187.7709805748158,189.68863982420257,139740300,0.010179749413702144,0.01979451576417838
2025-12-29,187.9907073974609,188.53004285167208,185.68352392965696,187.4813341773615,120006100,-0.012124095818556668,0.01950364936342162
2025-12-30,187.31153869628903,188.75978454971104,186.70228116711607,188.0106981731968,97687300,-0.00361277804937421,0.01930272526609844
2025-12-31,186.27281188964844,190.32786369396135,186.26282955778905,189.33907943283364,120100500,-0.00554545018352981,0.019317970407277077
2026-01-02,188.6199493408203,192.6949656802433,188.0306564952844,189.6087335707417,148240500,0.012600536961681508,0.01925697278604879
2026-01-05,187.89083862304688,193.39413642527967,185.9232371396652,191.5264039837752,183529700,-0.0038655016095672234,0.018801729651705172
2026-01-06,187.0119171142578,191.935904267691,186.5924305704924,190.2879203285983,176862600,-0.004677830570294028,0.018790691046890608
2026-01-07,188.87962341308597,191.1368647540468,186.3327268208183,188.3402879564672,153543200,0.009987097761727348,0.018539921679640498
2026-01-08,184.8145904541016,189.31910643994627,183.48622397884648,188.87963997886857,172457000,-0.02152181842344114,0.019205717054603597
2026-01-09,184.63479614257807,186.1129888751533,183.44624341374129,184.8545293482555,131327500,-0.0009728361331308166,0.01914525573176865
2026-01-12,184.71470642089844,186.89204340473577,182.7970472156232,182.9968005253017,137968500,0.00043280183361904534,0.01877339743944496
2026-01-13,185.58364868164065,187.88084992986475,183.17658082293008,184.7746378408776,160128900,0.004704239730442428,0.016994137951572952
2026-01-14,182.91688537597656,184.23528457453645,180.57973978602013,184.0954557419801,159586100,-0.014369602734984444,0.01740108953146283
2026-01-15,186.8221435546875,189.46890929684608,186.103019420931,186.27281050248445,206188600,0.021349905289956617,0.017888691644609662
2026-01-16,186.0031280517578,190.20800608356456,185.85331687968656,188.8496622427164,187967200,-0.004383931622591319,0.015224036584779131
2026-01-20,177.8530731201172,182.1578200140757,177.39362681050815,181.6783938022576,223345300,-0.043816762744832816,0.01824990422119897
2026-01-21,183.09669494628903,185.15418310637224,178.18267486272933,178.8318922054109,200381000,0.02948288569987456,0.017275316487622296
2026-01-22,184.6148223876953,185.94320399708803,183.70592730123704,184.5249356842524,139636600,0.008291397296120495,0.01705203622981214
2026-01-23,187.44137573242188,189.3690325020707,186.5924203594268,187.27158465782284,142748100,0.015310543910665775,0.015990898543132962
2026-01-26,186.2428436279297,188.88960930416172,185.76343263076708,186.93200550896395,124799600,-0.006394170442939551,0.016037675343192725
2026-01-27,188.29034423828125,189.76853699604695,185.47377232125424,187.01190478720807,143711600,0.010993714284356582,0.016067068393779242
2026-01-28,191.2866973876953,192.1156881225865,189.60873601436583,191.03700193406064,148552700,0.015913472151403374,0.01621338282311753
2026-01-29,192.2754821777344,193.244301759811,185.8333425036608,191.1069092802216,171764400,0.005169124688451543,0.016200929609733405
2026-01-30,190.8971710205078,194.25307849059112,189.23918956869625,190.97707539362892,179489500,-0.007168418675203347,0.016241744029712193
2026-02-02,185.38389587402344,190.0681850900544,184.6547894061738,186.9719553243457,165794100,-0.02888086354036168,0.01734124217836871
2026-02-03,180.12030029296875,186.04308409913696,176.01530661894333,186.01312186532803,204019600,-0.028392949431980563,0.01840971209382349
2026-02-04,173.97779846191406,179.36123157735668,171.70057725198066,179.24138264216026,207014100,-0.03410221846767858,0.0197652427820542
2026-02-05,171.6706085205078,176.604592702014,170.82163795446576,174.71688060291817,206312900,-0.013261404396442744,0.019618443845448138
2026-02-06,185.1841278076172,186.7721871314613,174.3872995354016,176.47474973392875,231346200,0.07871772229137908,0.026618196993626508
2026-02-09,189.80848693847656,193.42408742490235,183.7259094221984,184.03552934237337,196387400,0.024971681890920472,0.027172597798226478
2026-02-10,188.3103179931641,192.2455208098368,187.89083145679504,191.1468699498802,136764800,-0.00789305562399889,0.027257136676319463
2026-02-11,189.8184814453125,193.0245624433192,188.54004197866425,192.2155516352278,144192700,0.008008926267137229,0.027288780754867157
2026-02-12,186.7122802734375,193.3741533411549,186.28279615580217,192.79485804306623,189932500,-0.016364060802846025,0.027353306816094873
2026-02-13,182.5873107910156,187.27160018883805,181.36879569323744,187.25162028422807,161888000,-0.02209265226893986,0.027408661181410034
2026-02-17,184.7446746826172,186.92201173748992,178.9617194034806,181.5285959992061,162276900,0.011815519283653098,0.027536070655225422
2026-02-18,187.75099182128903,190.13807962880853,186.53247684939709,188.52005804720127,164749100,0.016272821632539847,0.025720126588766545
2026-02-19,187.6710968017578,188.20044994409497,185.43383529156333,186.8321237354349,126554500,-0.00042553713701432017,0.024958733422738674
2026-02-20,189.5887756347656,190.09814888521723,185.71349722992971,186.342734664171,178422300,0.010218296081220712,0.024989929266407338
2026-02-23,191.3166656494141,193.7137359837344,189.3490641935772,191.16683922839312,171584800,0.009113883503194309,0.024849284980482073
2026-02-24,192.61508178710935,193.5339592408144,187.171708627792,191.2567378902843,175123600,0.006786738276500115,0.024808932792281385
2026-02-25,195.3217620849609,197.38924768090467,193.5539140704845,194.2131137016724,250637100,0.014052276035389388,0.024876818407930306
2026-02-26,184.66476440429688,194.0533071271398,184.09546670933037,194.03334246429927,360807900,-0.0545612407286622,0.02765659018649068
2026-02-27,176.97415161132812,182.3675672971408,176.1651407824763,181.0292033274304,311636500,-0.041646346652961186,0.02901887869004265
2026-03-02,182.25770568847656,183.2365228635074,174.42725972943845,174.79680413295333,209095300,0.029854947906472917,0.029954575620933316
2026-03-03,179.83065795898438,180.67961330625167,176.70446619030554,178.27256086028186,178099400,-0.013316571281988043,0.029413758476752545
2026-03-04,182.8170166015625,184.47499807111,179.84065106191534,180.22019302825055,177731200,0.016606504566419655,0.02893429647006129
2026-03-05,183.1166534423828,183.83577756501344,177.6633132926684,180.94929874286032,198779700,0.00163899863585093,0.027721544421559108
2026-03-06,177.60337829589844,182.5373473445644,176.60459654479843,179.6209064601764,189021900,-0.03010799423668542,0.028484696554814212
2026-03-09,182.427490234375,182.6871832569013,175.34613090826778,176.61458806542095,177213600,0.027162275767295796,0.02298663787340693
2026-03-10,184.544921875,186.2128856921408,181.7882742872215,182.17779858894656,179118500,0.01160697676597211,0.022393953541061537
2026-03-11,185.8134307861328,187.401576119786,184.2352683241476,185.6935753620157,145280400,0.006873713447352436,0.02240382945876337
2026-03-12,182.9268035888672,184.72471123223085,181.53842231669145,183.83574790315467,155762700,-0.015535083686109119,0.022555383842883067
2026-03-13,180.0401611328125,185.87335881208497,179.73052445930352,184.70472270189356,160988400,-0.015780314308353027,0.022535645409753998
2026-03-16,183.0067138671875,188.66012868968363,181.19882333613756,182.7570048934839,217307400,0.01647717218041489,0.022336697136110594
2026-03-17,181.71820068359372,185.1841623368753,181.4684917186082,184.8445618023411,182497800,-0.007040797336697047,0.022225189940134504
2026-03-18,180.1899871826172,183.16652908726184,180.12007659614625,182.2675676480169,156683100,-0.0084097987720968,0.021922927664642124
2026-03-19,178.3521270751953,179.77047215436778,175.5853475010711,177.80276430906588,170968500,-0.010199568445272478,0.0219989775677885
2026-03-20,172.4989471435547,178.05247199547227,171.52009228430225,177.79278016290235,241323500,-0.03281811115811839,0.02279923794023485
2026-03-23,175.43553161621094,178.16234927411983,174.55655117338722,177.0536408486584,182836300,0.0170237820072745,0.023113572572074158
2026-03-24,174.99603271484375,176.01484951930743,173.777451794472,174.6264683383626,147667800,-0.00250518750288653,0.02297691422305979
2026-03-25,178.47198486328125,181.00903649280792,176.64412864426953,176.89383761026875,162602100,0.019863034004328428,0.02325926888914288
2026-03-26,171.04066467285156,176.30451888215924,170.9407749866337,175.86504388946904,186152200,-0.04163858095780393,0.02192927941135623
2026-03-27,167.32498168945312,170.77096223786808,166.81556566439232,169.80209026823204,196212700,-0.021723974181843797,0.020516827829394048
2026-03-30,164.97772216796875,169.25273855906806,164.07877596313077,168.58352034150624,185627000,-0.014028147487508913,0.01916547713635781
2026-03-31,174.1969757080078,174.41672082635512,166.7656493784466,166.77563225072552,226181300,0.05588180888236938,0.023337678490867562
2026-04-01,175.54541015625,177.16351944386196,174.54657425208924,175.79511913229018,168132000,0.007740860269023653,0.023061568155938527
2026-04-02,177.18348693847656,177.28337661769746,171.170490985778,171.97954556798163,143143200,0.009331356375359201,0.023185333730406453
2026-04-06,177.43319702148438,177.58301630024127,175.55538077559635,176.953760088437,107564300,0.0014093304479019242,0.022180081203585104
2026-04-07,177.89266967773438,178.0225079733855,173.4578360976707,175.52541836668527,132534900,0.00258955293576979,0.021268903461390376
2026-04-08,181.8680419921875,185.0443328296099,180.09011531444295,184.2852230345028,147732700,0.0223470271240227,0.02173559590799978
2026-04-09,183.69590759277344,183.8657078609029,180.40972906189933,181.6283100364998,116428500,0.010050504643715596,0.021803872718706947
2026-04-10,188.4104156494141,189.77881591864653,184.08545448929232,184.0954373612556,160459500,0.025664741901011867,0.02223550213653082
2026-04-13,189.0896148681641,189.43921351677636,185.52377876103736,185.81343445538195,133648200,0.003604892099032586,0.02185208229463044
2026-04-14,196.2812347412109,196.2812347412109,190.54792650193752,190.61783708872017,161307000,0.03803286541178319,0.023066202615977194
2026-04-15,198.63848876953125,200.166706463506,195.5121427945441,196.3111993145372,185338400,0.01200957407583192,0.02298997868356414
2026-04-16,198.1190948486328,199.6173486077875,195.58204328149,197.20015246424893,134012900,-0.002614769796708716,0.022852009294811685
2026-04-17,201.44520568847656,201.46518667284232,199.03802288778024,199.66727910556,160324400,0.016788441530004805,0.022703510552191268
2026-04-20,201.82476806640625,201.9346406188145,197.6096795882359,199.7471876833392,119381400,0.00188419663120043,0.02079865527279809
2026-04-21,199.64732360839844,202.51397775047528,198.76834314349975,201.89470437258373,107945300,-0.010788787118989118,0.021097230648825422
2026-04-22,202.26426696777344,202.26426696777344,198.7683413658613,200.7560302662893,107501000,0.013107830909409257,0.021027631296998864
2026-04-23,199.4075927734375,203.59271751351983,196.9904117933692,202.22431724671495,113561800,-0.014123474389033275,0.021344764936137822
2026-04-24,208.0275421142578,210.70441481695212,199.57738430538976,199.72721882416832,214134400,0.043227788976992976,0.01980259849686931
2026-04-27,216.3578338623047,216.5775789683675,207.13858324348888,209.4059296471886,187172400,0.04004417714781017,0.019403978287639623
2026-04-28,212.92184448242188,214.4800260296235,207.95762889823203,209.2461357291284,180275400,-0.01588104908680843,0.019544276125494645
2026-04-29,209.00640869140625,212.47237042757808,207.33835459433345,212.4523894424142,123711800,-0.018389075111261644,0.01796266785358134
2026-04-30,199.33767700195312,210.0551813566716,198.4686794524716,209.68560172993963,225239200,-0.04626045560032954,0.021848054013770376
2026-05-01,198.21897888183597,202.7636852194425,196.89052532216476,201.0456862731779,128647000,-0.005612075634382929,0.022004751643280925
2026-05-04,198.2489318847656,201.49514834231712,194.5132956232549,199.2677487020073,125368100,0.00015111067113049437,0.022019922701786543
2026-05-05,196.271240234375,200.00689171848023,195.80178617585557,199.06798360144137,113406600,-0.009975799776516081,0.022293647412649185
2026-05-06,207.5880584716797,208.0275486883452,198.3787906294548,199.65729931010404,188362800,0.057659075388685865,0.024964501770475652
2026-05-07,211.2537841796875,213.95063795079756,206.25960488465944,208.0974592073836,168307900,0.01765865404299216,0.02507230421101283
2026-05-08,214.9494781494141,217.5464575316693,212.642169707093,212.7820061205359,136421400,0.017494095947569566,0.024822803290189745
2026-05-11,219.18453979492188,222.04121091513156,213.64099781886503,213.79081709888328,160685800,0.01970259096216065,0.02497085015310293
2026-05-12,220.52297973632807,223.48952345691535,214.6698009927987,218.2955800381889,159176600,0.006106452319394773,0.023928822689093077
2026-05-13,225.56710815429688,227.5747627822776,221.3120728008497,224.6681467194947,150405400,0.022873482047085947,0.024191672308881678
2026-05-14,235.465576171875,236.2646326841873,229.03307065698917,229.58243343997336,180782900,0.04388258597883499,0.02545541900177528
2026-05-15,225.0577087402344,231.23050718880452,223.9789641563916,229.49252726355343,180977600,-0.044201227206322136,0.027996772916924637
2026-05-18,222.0612030029297,229.7322553439391,218.1157890335498,229.60240180074675,146280900,-0.013314388358780183,0.02831675535590049
2026-05-19,220.35317993164065,224.21866983705235,217.6563261548179,219.36432694236117,140948200,-0.0076916771060926425,0.0282332448785825
2026-05-20,223.20985412597656,225.8667612103758,220.2433103590018,222.9201831873553,184201600,0.012964070657941695,0.028231176799733828
2026-05-21,219.25445556640625,227.1352699433697,217.6762930684293,222.03121805596584,203381800,-0.017720537361840427,0.028372640290698047
2026-05-22,215.07933044433597,220.75271088945505,214.54994865072536,220.64283833374196,169275700,-0.0190423729875161,0.027371560920479338
2026-05-26,214.60987854003903,217.9260057479501,211.75320730356688,216.28791550863895,187202600,-0.0021826918622402935,0.025871865333544523
2026-05-27,212.35250854492188,213.9006919249857,208.53694826896,213.87072806866348,167601200,-0.010518481304186644,0.025726969157259402
2026-05-28,214.0005798339844,215.2691056248748,210.9741084423121,211.03403615445995,143996000,0.007761016341909066,0.025395995716038077
2026-05-29,210.8942108154297,217.6063892667686,210.88422794322287,214.33020874183248,289410600,-0.014515703746992403,0.023147213976368052
2026-06-01,224.09881591796875,224.60821672379728,215.448893644638,215.47885750139108,212850700,0.0626124588791841,0.026573374116119944
2026-06-02,222.56060791015625,232.0095863674792,221.09231801448132,226.91551751623655,193362900,-0.006863972045151545,0.026707340072590995
2026-06-03,214.5,222.56061267075637,214.2602739078757,221.46188713313535,160907000,-0.03621758578863232,0.028146307497594048
2026-06-04,218.66000366210935,221.6000061035156,210.97000122070312,213.91000366210935,169022200,0.01939395646671027,0.025546113792156856
2026-06-05,205.1000061035156,214.8699951171875,204.3300018310547,214.52999877929688,219655500,-0.062014073591381336,0.029091096906040306
2026-06-08,208.63999938964844,210.47000122070312,206.0,210.17999267578125,138372800,0.017259839984335112,0.029083273309266
2026-06-09,208.19000244140625,211.3999938964844,199.33999633789065,210.6199951171875,180962500,-0.0021568105327770537,0.028668683364809332
2026-06-10,200.4199981689453,207.22000122070312,199.9199981689453,204.42999267578125,161746600,-0.03732169739825886,0.029636402212149478
2026-06-11,204.8699951171875,205.66000366210935,199.5399932861328,201.4900054931641,158643200,0.022203357892913722,0.02960436476305629
2026-06-12,205.19000244140625,207.07000732421875,203.44000244140625,204.8600006103516,112001800,0.0015620019126554308,0.027403489239324796
2026-06-15,212.4499969482422,212.7100067138672,208.33999633789065,208.9199981689453,149936700,0.03538181402824003,0.027418913916666444
2026-06-16,207.41000366210935,211.4900054931641,207.2899932861328,211.17999267578125,125334200,-0.023723197733726997,0.027731567820247917
